[
  {
    "id": "c7e19588-7b29-4390-b557-92cbb9b5eef2",
    "data": [
      {
        "text": "Place a new order",
        "userDefined": false
      }
    ],
    "isTemplate": false,
    "count": 0,
    "lang": "en",
    "updated": 0
  },
  {
    "id": "02aabbba-c2b5-47a6-b1b3-cd80c36e8e44",
    "data": [
      {
        "text": "Add a new order",
        "userDefined": false
      }
    ],
    "isTemplate": false,
    "count": 0,
    "lang": "en",
    "updated": 0
  },
  {
    "id": "1daca045-cd15-4713-b581-b13ba9acb35a",
    "data": [
      {
        "text": "new order",
        "userDefined": false
      }
    ],
    "isTemplate": false,
    "count": 0,
    "lang": "en",
    "updated": 0
  }
]