[
  {
    "id": "7864f1dd-901e-4147-a506-2252ad6cdcef",
    "data": [
      {
        "text": "No",
        "userDefined": false
      }
    ],
    "isTemplate": false,
    "count": 0,
    "lang": "en",
    "updated": 0
  },
  {
    "id": "8b84ad89-871b-4561-b667-59e9d8b2522e",
    "data": [
      {
        "text": "Nope",
        "userDefined": false
      }
    ],
    "isTemplate": false,
    "count": 0,
    "lang": "en",
    "updated": 0
  },
  {
    "id": "2a7e8a46-0fef-474a-a296-03425f6f16be",
    "data": [
      {
        "text": "that\u0027s all I wanted",
        "userDefined": false
      }
    ],
    "isTemplate": false,
    "count": 0,
    "lang": "en",
    "updated": 0
  },
  {
    "id": "7cb5b6e8-1c76-43be-902d-2eb50a28b63e",
    "data": [
      {
        "text": "done",
        "userDefined": false
      }
    ],
    "isTemplate": false,
    "count": 0,
    "lang": "en",
    "updated": 0
  },
  {
    "id": "a65c0e85-da04-4a36-8235-9a784c91f0a8",
    "data": [
      {
        "text": "No, thank you, that\u0027s all",
        "userDefined": false
      }
    ],
    "isTemplate": false,
    "count": 0,
    "lang": "en",
    "updated": 0
  },
  {
    "id": "1624219e-7f2f-4ac4-967b-36c8809f2d4e",
    "data": [
      {
        "text": "place and order",
        "userDefined": false
      }
    ],
    "isTemplate": false,
    "count": 0,
    "lang": "en",
    "updated": 0
  },
  {
    "id": "447b5b96-8e04-491d-ad90-b875db7e644e",
    "data": [
      {
        "text": "thats it.",
        "userDefined": false
      }
    ],
    "isTemplate": false,
    "count": 0,
    "lang": "en",
    "updated": 0
  },
  {
    "id": "dea762bc-b7f8-4321-986d-31d8859f5b59",
    "data": [
      {
        "text": "I am done",
        "userDefined": false
      }
    ],
    "isTemplate": false,
    "count": 0,
    "lang": "en",
    "updated": 0
  },
  {
    "id": "771b88fb-3d73-4f50-acce-7d061d4726dc",
    "data": [
      {
        "text": "that\u0027s it",
        "userDefined": false
      }
    ],
    "isTemplate": false,
    "count": 0,
    "lang": "en",
    "updated": 0
  }
]