[
  {
    "id": "7e1b5dd7-4a63-4b90-a1f6-ccc6a778117b",
    "data": [
      {
        "text": "58999",
        "meta": "@order_id",
        "alias": "order_id",
        "userDefined": true
      }
    ],
    "isTemplate": false,
    "count": 0,
    "lang": "en",
    "updated": 0
  },
  {
    "id": "ef2a01f3-adda-47ab-b31b-bd3367436dce",
    "data": [
      {
        "text": "12",
        "meta": "@order_id",
        "alias": "order_id",
        "userDefined": false
      }
    ],
    "isTemplate": false,
    "count": 0,
    "lang": "en",
    "updated": 0
  },
  {
    "id": "504e997f-96e8-4882-9ab4-c156cd91a3a0",
    "data": [
      {
        "text": "here it is - ",
        "userDefined": false
      },
      {
        "text": "6589",
        "meta": "@order_id",
        "alias": "order_id",
        "userDefined": false
      }
    ],
    "isTemplate": false,
    "count": 0,
    "lang": "en",
    "updated": 0
  },
  {
    "id": "ff41fbff-4a52-47de-b280-84c9c47cef16",
    "data": [
      {
        "text": "how about ",
        "userDefined": false
      },
      {
        "text": "12",
        "meta": "@order_id",
        "alias": "order_id",
        "userDefined": false
      },
      {
        "text": "?",
        "userDefined": false
      }
    ],
    "isTemplate": false,
    "count": 0,
    "lang": "en",
    "updated": 0
  },
  {
    "id": "f8873801-e1bd-475d-8c2e-a1099071c657",
    "data": [
      {
        "text": "how about ",
        "userDefined": false
      },
      {
        "text": "98",
        "meta": "@order_id",
        "alias": "order_id",
        "userDefined": false
      }
    ],
    "isTemplate": false,
    "count": 0,
    "lang": "en",
    "updated": 0
  },
  {
    "id": "d2a48391-de78-4d63-b4d5-e225a2e81f70",
    "data": [
      {
        "text": "here is my order number ",
        "userDefined": false
      },
      {
        "text": "32",
        "meta": "@order_id",
        "alias": "order_id",
        "userDefined": true
      }
    ],
    "isTemplate": false,
    "count": 0,
    "lang": "en",
    "updated": 0
  },
  {
    "id": "199b1bf6-5d7f-4183-ae52-3e17986d5908",
    "data": [
      {
        "text": "id is ",
        "userDefined": false
      },
      {
        "text": "45",
        "meta": "@order_id",
        "alias": "order_id",
        "userDefined": false
      }
    ],
    "isTemplate": false,
    "count": 0,
    "lang": "en",
    "updated": 0
  }
]