[
  {
    "id": "f33802b9-f1ab-4fed-b98e-29c7efbf5240",
    "data": [
      {
        "text": "what happened with my order",
        "userDefined": false
      }
    ],
    "isTemplate": false,
    "count": 0,
    "lang": "en",
    "updated": 0
  },
  {
    "id": "4b351c21-1f9c-4ca1-be8c-ea6e21341586",
    "data": [
      {
        "text": "where is my order ?",
        "userDefined": false
      }
    ],
    "isTemplate": false,
    "count": 0,
    "lang": "en",
    "updated": 0
  },
  {
    "id": "3f707622-820e-4597-a734-12d31f21b12b",
    "data": [
      {
        "text": "Check the status of my order",
        "userDefined": false
      }
    ],
    "isTemplate": false,
    "count": 0,
    "lang": "en",
    "updated": 0
  },
  {
    "id": "addcfa71-41f6-471e-9980-a7df0e56b9c8",
    "data": [
      {
        "text": "Track existing order",
        "userDefined": false
      }
    ],
    "isTemplate": false,
    "count": 0,
    "lang": "en",
    "updated": 0
  },
  {
    "id": "694a2bd8-091f-4c59-a165-3c3ed686e176",
    "data": [
      {
        "text": "Track Order",
        "userDefined": false
      }
    ],
    "isTemplate": false,
    "count": 0,
    "lang": "en",
    "updated": 0
  }
]