[
  {
    "value": "Pav Bhaji",
    "synonyms": [
      "Pav Bhaji",
      "Bhaji Pav",
      "Cannon Pav Bhaji",
      "Cheese Pav bhaji"
    ]
  },
  {
    "value": "Chhole Bhature",
    "synonyms": [
      "Chhole Bhature",
      "Chhole",
      "chhole",
      "Puri Chhole"
    ]
  },
  {
    "value": "Pizza",
    "synonyms": [
      "Pizza",
      "Pizzas",
      "Cheese Pizza"
    ]
  },
  {
    "value": "Mango Lassi",
    "synonyms": [
      "Mango Lassi",
      "aam Lassi",
      "mango lasi",
      "mango yogurt"
    ]
  },
  {
    "value": "Masala Dosa",
    "synonyms": [
      "Masala Dosa",
      "Dosa",
      "Masale Dosa",
      "Dosa Masala",
      "Cheese Dosa masala"
    ]
  },
  {
    "value": "Veg Biryani",
    "synonyms": [
      "Veg Biryani",
      "Vegetable Biryani",
      "Biryani",
      "Vegetable Rice",
      "Pulao"
    ]
  },
  {
    "value": "Vada Pav",
    "synonyms": [
      "Vada Pav",
      "Pav Vada",
      "Vada",
      "Wade Pav",
      "Wade pao",
      "batata vada pao"
    ]
  },
  {
    "value": "Samosa",
    "synonyms": [
      "Samosa",
      "Singhara",
      "Aloo Samosa"
    ]
  },
  {
    "value": "Rava Dosa",
    "synonyms": [
      "Rava Dosa",
      "Sooji Dosa",
      "Semolina Pancake",
      "Instant Rava"
    ]
  }
]